country,title,salary,website,email,phone,Ad date,Ad expiration date,URL
Denmark,Fuldtid Front-end’er til tech start-up,competitive,http:\u002F\u002Fwww.klikbook.dk,kristian@klikbook.dk,60777761,2017-05-29T12:46:43.064Z,2020-04-20,https://thehub.io/jobs/5e6fff49ab17a30da473e6ef
Denmark,Frontend Developer in Scale-Up,unpaid,http:\u002F\u002Fwww.raskrask.dk\u002F,,,2016-02-15T13:41:04.068Z,2020-04-16,https://thehub.io/jobs/5e6e46b0ab17a30da4226167
Denmark,Backend Developer for Scale-Up,unpaid,http:\u002F\u002Fwww.raskrask.dk\u002F,,,2016-02-15T13:41:04.068Z,2020-04-14,https://thehub.io/jobs/5e6e46aaab17a30da4225f32
Denmark,,,,,,2019-12-20T07:23:24.748Z,,https://thehub.io/jobs/5e6bab0cab17a30da4c0024d
Denmark,Full Stack Web Developer,competitive,http:\u002F\u002Fwww.driversnote.com,jobs@driversnote.com,,2016-05-03T18:23:31.287Z,2020-05-31,https://thehub.io/jobs/5e6b9822ab17a30da4bbe439
Denmark,Node.js\u002FReact.js Frontend Developer,competitive,https:\u002F\u002Fwww.poshtel.io\u002F,,+4550227160,2017-09-13T14:37:33.623Z,2020-06-01,https://thehub.io/jobs/5e6b6f68ab17a30da4b3328e
Denmark,,,,,,2017-08-29T11:12:45.729Z,,https://thehub.io/jobs/5e6b2f5bceed5f06a5c8347c
Denmark,Lead developer \u002F Co-founder for start-up with proof of business,unpaid,http:\u002F\u002Ftravelit.dk,ch@travelit.dk,41 61 76 76,2020-02-04T11:39:39.301Z,2020-03-30,https://thehub.io/jobs/5e662981ceed5f06a5c0f1bc
Denmark,Lead developer \u002F Co-founder for start-up with proof of business,unpaid,http:\u002F\u002Ftravelit.dk,ch@travelit.dk,41 61 76 76,2020-02-04T11:39:39.301Z,2020-03-24,https://thehub.io/jobs/5e662972ceed5f06a5c0e943
Denmark,Lead developer \u002F Co-founder for start-up with proof of business,unpaid,http:\u002F\u002Ftravelit.dk,ch@travelit.dk,41 61 76 76,2020-02-04T11:39:39.301Z,2020-05-01,https://thehub.io/jobs/5e662928ceed5f06a5c0cc6d
Denmark,Backend Developer,competitive,http:\u002F\u002Fwww.capdesk.com,martin.damhus@capdesk.com,,2016-01-25T13:52:26.903Z,2020-05-31,https://thehub.io/jobs/5e6a5ec5ceed5f06a5a8247a
Denmark,,,,,,2016-06-17T12:16:27.240Z,,https://thehub.io/jobs/5e68a492ceed5f06a54b7839
Denmark,,,,,,2017-11-20T14:28:23.107Z,,https://thehub.io/jobs/5e68a40bceed5f06a54b1717
Denmark,Student backend PHP developer,competitive,https:\u002F\u002Faccutics.com\u002F,,,2018-04-14T13:27:03.600Z,2020-05-22,https://thehub.io/jobs/5e66344bceed5f06a5c4017c
Denmark,,,,,,2017-05-29T12:46:43.064Z,,https://thehub.io/jobs/5e66692eceed5f06a5d53d71
Denmark,Frontend udvikler (deltid),competitive,https:\u002F\u002Fwww.broffset.dk,kontakt@broffset.dk,42454265,2019-04-02T14:55:05.323Z,2020-04-27,https://thehub.io/jobs/5e666564ceed5f06a5d47d1d
Denmark,Unity Programmer\u002FDeveloper,competitive,https:\u002F\u002Fkhora-vr.com\u002F,tina@khoravr.com,,2018-04-03T14:26:45.757Z,2020-05-31,https://thehub.io/jobs/5e6797f0ceed5f06a518a8e7
Denmark,Looking for a full-stack IT developer to join the ReFlow Maritime team,competitive,http:\u002F\u002Fwww.re-flow.io,info@re-flow.io,,2018-12-12T16:24:56.626Z,2020-05-31,https://thehub.io/jobs/5e676f5dceed5f06a50b5eef
Denmark,,,,,,2017-08-29T11:12:45.729Z,,https://thehub.io/jobs/5e67af83ceed5f06a51fef21
Denmark,App developer and co-founder ,unpaid,http:\u002F\u002Fwww.femfoundrs.com,emma@femfoundrs.com,,2018-04-14T20:13:53.941Z,2020-12-31,https://thehub.io/jobs/5e627d4c8e63c058b2e20412
Denmark,PHP Developer,competitive,http:\u002F\u002Fwww.eesea.com,it@eesea.com,31164000,2016-08-04T12:14:48.568Z,2020-09-17,https://thehub.io/jobs/5e5e12c48e63c058b2daa8cc
Denmark,Javascript Developer,competitive,http:\u002F\u002Fante.dk,jobs@ante.dk,21 25 22 34,2017-09-27T09:08:58.387Z,2020-05-31,https://thehub.io/jobs/5e6218c88e63c058b2c55fc6
Denmark,,,,,,2020-02-07T20:28:51.817Z,,https://thehub.io/jobs/5e6210348e63c058b2c2ecab
Denmark,Android Developer (Kotlin),competitive,https:\u002F\u002Fmustache.dk\u002F,fl@mustache.dk,+4526794066,2016-06-17T12:16:27.240Z,2020-04-15,https://thehub.io/jobs/5e620a788e63c058b2c0fe56
Denmark,Intern to help developing our brand design and WordPress website,unpaid,http:\u002F\u002Fseekandseefamily.com,contact@seekandseefamily.com,51614822,2020-03-02T11:16:49.936Z,2020-08-31,https://thehub.io/jobs/5e60e5988e63c058b285a92d
Denmark,Developer \u002F Co-Founder for Start-up Project,unpaid,http:\u002F\u002Flingoowl.com,sune@lingoowl.com,,2019-09-30T14:27:51.039Z,2020-12-31,https://thehub.io/jobs/5e5eec7f8e63c058b21c319d
Danmark,,,,,,2017-08-29T11:12:45.729Z,,https://thehub.io/jobs/5e5ead198e63c058b20d6ece
Denmark,,,,,,2019-08-29T11:47:26.734Z,,https://thehub.io/jobs/5e5e64558e63c058b2f96451
Denmark,,,,,,2019-12-20T07:23:24.748Z,,https://thehub.io/jobs/5e5e30308e63c058b2e6c285
Denmark,Lead developer \u002F Co-founder for start-up with proof of business,unpaid,http:\u002F\u002Ftravelit.dk,ch@travelit.dk,41 61 76 76,2020-02-04T11:39:39.301Z,2020-12-31,https://thehub.io/jobs/5e5d51548e63c058b2b852be
Denmark,App Developer - React Native,competitive,http:\u002F\u002Fbluelobsterapp.com\u002Fabout\u002F,christine@bluelobster.app,,2019-04-05T12:04:29.398Z,2020-05-31,https://thehub.io/jobs/5e5cdf748e63c058b290665c
Denmark,Software Developer - Backend,competitive,http:\u002F\u002Fbluelobsterapp.com\u002Fabout\u002F,christine@bluelobster.app,,2019-04-05T12:04:29.398Z,2020-09-17,https://thehub.io/jobs/5e5cdf4c8e63c058b290588d
Denmark,Lead Backend Developer,competitive,www.organicbasics.com,jhf@organicbasics.com,,2018-01-24T18:05:34.686Z,2020-09-17,https://thehub.io/jobs/5e5d1b038e63c058b2a7f840
Denmark,,,,,,2020-02-19T13:35:08.299Z,,https://thehub.io/jobs/5e5d131c8e63c058b2a44b5f
Denmark,Senior React Native and\u002For React.js developer,competitive,https:\u002F\u002Fwww.sharecelebrate.com\u002F,joy@sharecelebrate.com,,2020-02-17T13:09:59.495Z,2020-04-27,https://thehub.io/jobs/5e5cc97a8e63c058b287a2a8
Denmark,,,,,,2019-12-20T07:23:24.748Z,,https://thehub.io/jobs/5e5955668e63c058b2f2f7d4
Denmark,,,,,,2017-08-29T11:12:45.729Z,,https://thehub.io/jobs/5e58ed0d8e63c058b2d8c95d
Denmark,Python Data engineer internship,unpaid,http:\u002F\u002Fpatentrenewal.com,,,2017-10-24T13:46:55.799Z,2020-08-31,https://thehub.io/jobs/5e5800348e63c058b2aafb68
Denmark,Python test engineer internship,unpaid,http:\u002F\u002Fpatentrenewal.com,,,2017-10-24T13:46:55.799Z,2020-08-31,https://thehub.io/jobs/5e57fd938e63c058b2aa7831
Denmark,Senior Software Engineer to join cutting edge AI startup,competitive,https:\u002F\u002Fwww.raffle.ai,ad@raffle.ai,,2019-01-03T15:15:34.035Z,2020-09-17,https://thehub.io/jobs/5e0f4eb9e5912a16559f7e58
Denmark,Co-founder needed for Impact PropTech startup,unpaid,https:\u002F\u002Fberesourceful.org\u002F,jeppe@beresourceful.org,42838752,2019-08-29T11:47:26.734Z,2020-12-31,https://thehub.io/jobs/5e57a02665b93055611b44a3
Denmark,Senior software developer - Fintech,competitive,http:\u002F\u002Forangebooks.co,klaudia@orangebooks.co,,2019-09-29T13:57:33.102Z,2020-09-17,https://thehub.io/jobs/5e568fd265b9305561e28138
Denmark,Chief Technical Officer (CTO),range,http:\u002F\u002Frensti.dk,oliver@rensti.dk,,2019-06-11T14:50:56.838Z,2020-05-31,https://thehub.io/jobs/5e55708865b93055619ce4c3
Denmark,Lead Android Developer,competitive,https:\u002F\u002Flystechnologies.co.uk\u002F,hugo@lystechnologies.io,004528102898,2020-01-09T16:35:00.678Z,2020-04-15,https://thehub.io/jobs/5e55586165b930556196d53d
Denmark,,,,,,2017-08-29T11:12:45.729Z,,https://thehub.io/jobs/5e54d679ca4ed1755d926c8b
Denmark,iOS Developer,competitive,http:\u002F\u002Fwww.livahealthcare.com\u002F,stj@livahealthcare.com,,2016-01-25T13:52:26.903Z,2020-04-15,https://thehub.io/jobs/5e53deb7ca4ed1755d6f1293
Denmark,Software Engineer - Backend,competitive,https:\u002F\u002Fgetplaymaker.app\u002F,neil@fantasysport.pro,,2020-02-17T13:00:41.660Z,2020-09-17,https://thehub.io/jobs/5e539909ca4ed1755d5e6436
Denmark,React Native Developer,competitive,https:\u002F\u002Fgetplaymaker.app\u002F,neil@fantasysport.pro,,2020-02-17T13:00:41.660Z,2020-04-27,https://thehub.io/jobs/5e5398e7ca4ed1755d5e5c16
Denmark,Junior Back-End Developer - Internship for Student Credit,unpaid,https:\u002F\u002Fklintmarketing.com,,,2019-10-21T06:40:11.662Z,2020-08-31,https://thehub.io/jobs/5e53924cca4ed1755d5c7b06
Denmark,Frontend Developer Internship (Wordpress)  - Student Credit Only,unpaid,https:\u002F\u002Fklintmarketing.com,,,2019-10-21T06:40:11.662Z,2020-08-31,https://thehub.io/jobs/5e538e2fca4ed1755d5b878b
Denmark,Angular Developer - Internship,unpaid,http:\u002F\u002Fjourneytool.io\u002F,,,2019-11-06T14:20:30.702Z,2020-04-27,https://thehub.io/jobs/5e51a4d1ca4ed1755d22b6dd
Denmark,,,,,,2017-08-29T11:12:45.729Z,,https://thehub.io/jobs/5e4eab51ca4ed1755dbf6f9d
Denmark,Backend Development Intern,unpaid,https:\u002F\u002Ffaundit.com\u002F,chl@faundit.com,+45 2077 0669,2019-11-29T10:58:17.847Z,2020-08-31,https://thehub.io/jobs/5e4e55f2ca4ed1755daa8c6e
Denmark,Software developer gesture based fitness tracker app,unpaid,https:\u002F\u002Fccathletics.dk,claes@ccathletics.dk,40369517,2020-02-07T20:28:51.421Z,2020-04-17,https://thehub.io/jobs/5e4d9a50ca4ed1755d925042
Denmark,,,,,,2016-02-15T13:41:04.068Z,,https://thehub.io/jobs/5e4d8a71ca4ed1755d8f5042
Denmark,Robotics automation udvikler,competitive,http:\u002F\u002Fwww.officebot.dk,jens@zignifikant.dk,29 90 35 74,2020-02-04T12:12:06.656Z,2020-09-17,https://thehub.io/jobs/5e4f9647ca4ed1755ddd381d
Denmark,,,,,,2017-08-29T11:12:45.729Z,,https://thehub.io/jobs/5e4d4239ca4ed1755d81090e
Denmark,,,,,,2017-08-29T11:12:45.729Z,,https://thehub.io/jobs/5e4d3986ca4ed1755d7ee2b5
Denmark,React Developer Intern,unpaid,https:\u002F\u002Fwww.kanpla.dk,kontakt@kanpla.dk,20212460,2019-11-19T13:52:28.565Z,2020-08-31,https://thehub.io/jobs/5e4abd53ca4ed1755d15e0e7
Denmark,Fullstack Developer,unpaid,http:\u002F\u002Fsportcompass.dk,contact@sportcompass.dk, +45 42 94 92 78,2018-02-03T15:09:35.464Z,2020-05-31,https://thehub.io/jobs/5e4bfc3aca4ed1755d4b54d8
Denmark,Backend Developer,unpaid,http:\u002F\u002Fsportcompass.dk,contact@sportcompass.dk, +45 42 94 92 78,2018-02-03T15:09:35.464Z,2020-09-17,https://thehub.io/jobs/5e4bfb4aca4ed1755d4b133d
Denmark,Frontend Web Developer,unpaid,http:\u002F\u002Fsportcompass.dk,contact@sportcompass.dk, +45 42 94 92 78,2018-02-03T15:09:35.464Z,2020-04-27,https://thehub.io/jobs/5e4bfa5eca4ed1755d4a9f6d
Denmark,Frontend Developer,unpaid,https:\u002F\u002Fgolisto.com,emilottar@golisto.com,20989958,2019-08-02T11:54:51.554Z,2020-06-01,https://thehub.io/jobs/5e4c031bca4ed1755d4ca417
Denmark,,,,,,2017-08-29T11:12:45.729Z,,https://thehub.io/jobs/5e4aa292ca4ed1755d0f7d92
Denmark,Developer Intership,unpaid,gamingbuddy.gg,lukas@gamingbuddy.gg,+4560889143,2018-06-11T14:28:49.290Z,2020-04-30,https://thehub.io/jobs/5e49caa4ca4ed1755dea1a46
Denmark,,,,,,2017-08-29T11:12:45.729Z,,https://thehub.io/jobs/5e4698c3ca4ed1755d7f8a71
Denmark,,,,,,2017-08-29T11:12:45.729Z,,https://thehub.io/jobs/5e454ecceb26470678ceb6fd
Denmark,React Native Developer (fun!),competitive,http:\u002F\u002Fwww.helloanna.ai,niels@anna.co,,2019-04-29T08:00:15.598Z,2020-05-31,https://thehub.io/jobs/5e417bebeb26470678343ae1
Denmark,WeCode søger en Magento 2 udvikler,competitive,https:\u002F\u002Fwecode.dk,,,2017-07-21T13:39:23.736Z,2020-05-31,https://thehub.io/jobs/5e441992eb26470678a066c5
Danmark,,,,,,2020-02-04T11:39:39.663Z,,https://thehub.io/jobs/5e42b1beeb2647067864dd71
Denmark,iOS developer Intern\u002Fstudent intern,unpaid,https:\u002F\u002Fpay-tack.com,weronika@paytack.se,71393342,2019-02-27T13:06:40.530Z,,https://thehub.io/jobs/5e42b0f9eb2647067864afd0
Denmark,,,,,,2020-02-04T11:39:39.663Z,,https://thehub.io/jobs/5e41dec8eb26470678466d8c
Danmark,Developer Intern,unpaid,https:\u002F\u002Ftheladybox.dk,chri@theladybox.dk,,2020-03-03T13:35:04.848Z,2020-04-09,https://thehub.io/jobs/5e413ac4eb2647067824fde6
Denmark,Frontend-Full Stack Developer,competitive,http:\u002F\u002Fwww.actimo.com,,,2016-08-17T14:43:42.072Z,2020-05-31,https://thehub.io/jobs/5dee56472be24708a27458cc
Denmark,,,,,,2017-05-29T12:46:43.064Z,,https://thehub.io/jobs/5e411fcaeb264706781da72f
Denmark,DevOps \u002F Backend Developer,competitive,https:\u002F\u002Fswibbid.com,hej@swibbid.com,31118881,2019-02-23T17:55:04.585Z,2020-05-22,https://thehub.io/jobs/5e3fecfeeb26470678f36f3c
Denmark,Android Developer,competitive,https:\u002F\u002Fswibbid.com,hej@swibbid.com,31118881,2019-02-23T17:55:04.585Z,2020-03-31,https://thehub.io/jobs/5e3fdd2beb26470678f15cfc
Denmark,Full-stack Developer at 'Netflix of images',competitive,https:\u002F\u002Fwww.jumpstory.com,ns@jumpstory.com,,2018-03-27T12:08:10.136Z,2020-05-31,https://thehub.io/jobs/5e3ef2c1b4448e51d5605358
Denmark,Full-stack developer - with CTO potential,competitive,https:\u002F\u002Fwww.timbed.com\u002F,kg@timbed.com,,2019-03-26T09:31:19.726Z,2020-05-01,https://thehub.io/jobs/5e407e6feb2647067809a180
Denmark,"iOS Developer (Europe, remote 🌍)",competitive,http:\u002F\u002Femplate.it\u002F,soren@emplate.it,+4550561337,2016-04-20T13:51:18.630Z,2020-04-15,https://thehub.io/jobs/5e3c046ab4448e51d5fb1f3d
Denmark,Elevplads: Datateknikerelev med speciale i programmering,competitive,http:\u002F\u002Fefiware.com,tr@efiware.com,71990303,2016-09-16T07:39:17.502Z,2020-04-30,https://thehub.io/jobs/5e3be160b4448e51d5f32193
Denmark,,,,,,2017-05-29T12:46:43.064Z,,https://thehub.io/jobs/5e3ad8d1b4448e51d5cffa2b
Denmark,,,,,,2017-08-29T11:12:45.729Z,,https://thehub.io/jobs/5e3a8455b4448e51d5bbfd45
Denmark,Open application for Technical Interns,unpaid,http:\u002F\u002Fwiredelta.com\u002F,,,2016-02-10T08:48:01.604Z,2020-04-30,https://thehub.io/jobs/5e381e9ab760f85f4950a8b3
Denmark,Laravel Developer ,competitive,https:\u002F\u002Fwww.consortiamanager.com\u002F,tg@consortiamanager.com,60601224,2016-10-03T11:52:56.669Z,2020-09-17,https://thehub.io/jobs/5e393746b4448e51d585de8f
Denmark,,,,,,2019-12-20T07:23:24.748Z,,https://thehub.io/jobs/5e39331cb4448e51d584bc6e
Denmark,,,,,,2019-12-20T07:23:24.748Z,,https://thehub.io/jobs/5e36efadb760f85f49232ea6
Denmark,Front-end developer to join successful digital agency,competitive,http:\u002F\u002Fkvalifik.dk,oliver@kvalifik.dk,+45 28728673,2019-12-02T16:28:57.556Z,2020-04-27,https://thehub.io/jobs/5e346425269ebc1d9ee4e213
Denmark,Studenter udvikler,competitive,http:\u002F\u002Fwww.hololink.io,lucas@hololink.io,24795099,2020-01-28T13:44:00.587Z,2020-06-01,https://thehub.io/jobs/5e303f07269ebc1d9e484d0e
Danmark,,,,,,2017-08-29T11:12:45.729Z,,https://thehub.io/jobs/5e314ea7269ebc1d9e6f2c87
Denmark,Student developer,competitive,https:\u002F\u002Fentropyfox.com,lucas@hololink.io,24795099,2019-10-16T12:27:39.654Z,2020-06-01,https://thehub.io/jobs/5e3034ae269ebc1d9e45f9d0
Denmark,Backend developer intern,unpaid,http:\u002F\u002Fwww.whyser.io,,,2019-02-11T19:13:04.737Z,2020-08-31,https://thehub.io/jobs/5e2ee4ca9b2bcf09092a2f2a
Denmark,,,,,,2019-12-20T07:23:24.748Z,,https://thehub.io/jobs/5e2b0f287f1515154fa376ae
Denmark,,,,,,2019-12-20T07:23:24.748Z,,https://thehub.io/jobs/5e2b0aca7f1515154fa2cf43
Denmark,,,,,,2019-12-20T07:23:24.748Z,,https://thehub.io/jobs/5e2a9cf87f1515154f8e7252
Denmark,Lead iOS Developer,competitive,https:\u002F\u002Flystechnologies.co.uk\u002F,hs@lystechnologies.co.uk,004528102898,2020-01-09T16:35:00.678Z,2020-04-15,https://thehub.io/jobs/5e1c8a0d2656b854f874a1fc
Denmark,WordPress Developer,competitive,http:\u002F\u002Farchitectmade.com,vag@architectmade.com,,2020-01-16T10:11:45.153Z,2020-06-30,https://thehub.io/jobs/5e203ae2c3151865ae0d4862
Denmark,Full Stack Engineer,competitive,http:\u002F\u002Fmindpool.com,christian@mindpool.com,+4527982575,2020-01-13T16:29:16.423Z,2020-05-31,https://thehub.io/jobs/5e1d77a52656b854f893e3a7
Denmark,Software developer,competitive,https:\u002F\u002Fservicepos.com,info@servicepos.com,33 60 85 86,2019-11-28T16:08:49.869Z,2020-05-31,https://thehub.io/jobs/5e1edfc0c3151865aedacc26
Denmark,Senior Mobile Developer,competitive,http:\u002F\u002Fwww.driversnote.com,ja@driversnote.com,40992636,2016-05-03T18:23:31.287Z,2020-04-15,https://thehub.io/jobs/5e1dd4acc3151865aeb98df2
Denmark,Open application for Developers,competitive,http:\u002F\u002Fwiredelta.com\u002F,,,2016-02-10T08:48:01.604Z,2020-05-31,https://thehub.io/jobs/5e147d31fada0f014d058e1a
Denmark,Senior Full-stack Udvikler,competitive,https:\u002F\u002Fpnorental.com\u002Fventures\u002F,,,2019-02-18T09:36:00.962Z,2020-05-31,https://thehub.io/jobs/5e146deafada0f014d017579
Denmark,Python developer,competitive,http:\u002F\u002Fpatentrenewal.com,,,2017-10-24T13:46:55.799Z,2020-09-17,https://thehub.io/jobs/5e133d2be5912a16551a384c
Denmark,Senior Frontend developer,competitive,http:\u002F\u002Fwww.convecto.dk,job@connectedcars.dk,,2019-09-30T16:45:46.060Z,2020-06-01,https://thehub.io/jobs/5e1082d5e5912a1655c1ea08
Denmark,Skilled RoR backend developer to join sustainable mobility startup,competitive,http:\u002F\u002Fwww.donkey.bike,jens@donkeyrepublic.com,30703814,2016-06-04T22:12:17.303Z,2020-09-17,https://thehub.io/jobs/5e0def03e5912a1655715743
Denmark,Backend Developer for Sportstech Concept,competitive,http:\u002F\u002Fwww.JABII.com,giang@jabii.com,29928432,2018-01-25T13:41:11.031Z,2020-09-17,https://thehub.io/jobs/5e0763f7e5912a1655c78c04
Denmark,Developer Intern,unpaid,https:\u002F\u002Ftheladybox.dk,chri@theladybox.dk,,2020-03-03T13:35:04.848Z,2020-04-09,https://thehub.io/jobs/5e0d0dd1e5912a1655571250
Denmark,PHP Laravel developer for established startup in Copenhagen,competitive,subit.dk,ebsp@subit.dk,26123699,2018-07-15T17:41:42.807Z,2020-09-17,https://thehub.io/jobs/5e09354ae5912a1655f7eadc
Denmark,Backend Developer (Ruby \u002F Rails),competitive,http:\u002F\u002Fwww.commoditrader.com,robin@commoditrader.com,,2018-09-14T12:06:01.635Z,2020-09-17,https://thehub.io/jobs/5df9dc91f208e622ef8aba39
Denmark,Senior Ruby on Rails Engineer,competitive,https:\u002F\u002Fwww.conferize.com,rf@conferize.com,,2016-01-25T13:52:26.903Z,2020-09-17,https://thehub.io/jobs/5df8f3f0f208e622ef6fbf5f
Denmark,Frontend Developer,competitive,www.penni.io,,,2017-12-12T19:45:58.273Z,2020-04-27,https://thehub.io/jobs/5df8e58af208e622ef6cf189
Denmark,Senior Full-stack Developer ,competitive,https:\u002F\u002Fzuuvi.com\u002F,aa@zuuvi.com,41421087,2019-11-06T08:31:26.064Z,2020-05-31,https://thehub.io/jobs/5df8785df208e622ef551f23
Denmark,Frontend Developer,competitive,https:\u002F\u002Fwww.newbanking.com\u002F,,,2019-12-10T10:27:44.678Z,2020-04-27,https://thehub.io/jobs/5def745b7b3f7202d6f869d5
Denmark,Senior Frontend Developer,competitive,https:\u002F\u002Fmonsido.com,jha@monsido.com,27296610,2019-01-09T14:03:06.935Z,2020-04-27,https://thehub.io/jobs/5def75da7b3f7202d6f8c6c5
Denmark,Senior Full Stack Developer,competitive,https:\u002F\u002Fwww.tmrow.com,jobs@tmrow.com,,2018-07-29T07:17:53.104Z,2020-05-31,https://thehub.io/jobs/5dee1d952be24708a26d8486
Denmark,Development intern for successful and growing hospitality platform,unpaid,http:\u002F\u002Fwww.digitalguest.com,konrad@digitalguest.com,+4560534616,2017-05-19T08:33:03.777Z,2020-08-31,https://thehub.io/jobs/5de62a7faccfdc70a8573320
Denmark,Full-stack PHP developer  (WordPress),competitive,https:\u002F\u002Fwww.html24.net,mist@html24.net,,2017-11-06T08:45:20.819Z,2020-05-31,https://thehub.io/jobs/5de5095daccfdc70a83f5afd
Denmark,,,,,,2019-10-28T18:01:01.800Z,,https://thehub.io/jobs/5de4cc3aaccfdc70a834dbb8
Denmark,QA Development engineer - Student worker,competitive,http:\u002F\u002Flenus.io,mathias@lenus.io,,2017-03-16T13:04:16.622Z,2020-05-01,https://thehub.io/jobs/5ddeb019accfdc70a8cce79f
Denmark,,,,,,2016-02-15T13:41:04.068Z,,https://thehub.io/jobs/5ddda7f8accfdc70a8b19e09
Denmark,Dev Internship,unpaid,https:\u002F\u002Fwww.pinploy.dk\u002F,saxo.pinploy@gmail.com,22801348,2019-02-25T11:30:00.399Z,2020-04-30,https://thehub.io/jobs/5dd6a51daccfdc70a81bf6a6
Denmark,Mobile Developer Intern,unpaid,http:\u002F\u002Fwww.helloanna.ai,niels@anna.co,,2019-04-29T08:00:15.598Z,2020-04-30,https://thehub.io/jobs/5dd65ba3accfdc70a80f978b
Denmark,Frontend+backend developer (ReactJS only!) to impact startup (URGENT),competitive,https:\u002F\u002Fecoda.life,info@ecoda.life,42667836,2019-02-18T00:17:29.491Z,2020-08-31,https://thehub.io/jobs/5dd2c0cbaccfdc70a8bb98c4
Denmark,CTO,competitive,https:\u002F\u002Fg13.app,daniel@g13.app,,2019-07-16T23:28:19.777Z,2020-05-31,https://thehub.io/jobs/5dc9d8f1af59f108f505261e
Denmark,Software Engineer,competitive,https:\u002F\u002Feloomi.com,susie@eloomi.com,+45 9320 5019,2017-02-02T10:39:09.889Z,2020-09-17,https://thehub.io/jobs/5da793bc8e4e7b25514f1a0f
Denmark,Fullstack Developer (Copenhagen),competitive,https:\u002F\u002Fissuu.com,mbj@issuu.com,,2017-06-12T10:09:14.374Z,2020-05-31,https://thehub.io/jobs/5da46587000d5070153c8fb4
Denmark,Android developer intern\u002Fstudent intern,competitive,https:\u002F\u002Fpay-tack.com,,,2019-02-27T13:06:40.530Z,2020-04-17,https://thehub.io/jobs/5d9ee5b7e03e98244f279c21
Denmark,Cloud SaaS\u002FSoftware engineer,competitive,http:\u002F\u002Fwww.upodi.com,,,2017-02-18T08:27:42.244Z,2020-05-31,https://thehub.io/jobs/5d8c8477a7c7c305e5e9fd19
Denmark,Frontend  Development Intern in growing drone startup,unpaid,https:\u002F\u002Fdronaar.com\u002F,info@dronaar.com,+45 52 15 97 22,2019-03-06T09:11:55.030Z,2020-08-31,https://thehub.io/jobs/5d8a60b72af2100fac68f0a9
Denmark,Lead developer for scalable video startup with global ambitions,competitive,http:\u002F\u002Fwww.klipworks.com,,,2017-07-04T14:32:39.857Z,2020-05-31,https://thehub.io/jobs/5d87767a96f4435395e619dd
Denmark,Senior Ruby on Rails Developer,competitive,https:\u002F\u002Fwww.autouncle.com\u002F,troels@autouncle.com,,2016-04-28T14:30:32.743Z,2020-09-17,https://thehub.io/jobs/5d80d643db9d4113a21a2e88
Denmark,Front End Developer (React),competitive,https:\u002F\u002Fwww.autouncle.com\u002F,troels@autouncle.com,,2016-04-28T14:30:32.743Z,2020-04-27,https://thehub.io/jobs/5d80d4c9db9d4113a21a0d95
Denmark,CTO & Cofunder,unpaid,https:\u002F\u002Fcollageofficial.com,,,2016-11-14T17:51:07.543Z,2020-04-20,https://thehub.io/jobs/5d28a92626c829d67fba110b
Denmark,Node.js Backend Developer Intern ,unpaid,https:\u002F\u002Fcollageofficial.com,,,2016-11-14T17:51:07.543Z,2020-08-31,https://thehub.io/jobs/5c6296ca67dea8d47a89cf09
Danmark,,,,,,2019-12-20T07:23:24.748Z,,https://thehub.io/jobs/5d7789193abb553116fcaf44
Denmark,Intern Front End Developer,competitive,https:\u002F\u002Fpay-tack.com,,,2019-02-27T13:06:40.530Z,2020-08-31,https://thehub.io/jobs/5d6923feaa685273240fa743
Denmark,Computer Science internship at TrainAway - Summer\u002FFall,unpaid,https:\u002F\u002Ftrainaway.fit\u002F,kt@trainaway.fit,20403237,2018-04-04T11:51:31.960Z,2020-08-31,https://thehub.io/jobs/5d6623e0656d38ff4e178d1e
Denmark,"Application Developer (cross-platform iOs\u002FAndroid, backend)",competitive,www.walkwithpath.com,florian@walkwithpath.com,,2018-09-15T12:02:37.170Z,2020-04-15,https://thehub.io/jobs/5d5ff85048e9e8503b081420
Denmark,Dygtig softwareudvikler til startup i vækst,competitive,clareply.com,,,2018-09-17T11:31:05.883Z,2020-05-31,https://thehub.io/jobs/5d5d42b048e9e8503b080fe8
Denmark,Senior Full-stack Developer,competitive,https:\u002F\u002Fpnorental.com\u002Fventures\u002F,,,2019-02-18T09:36:00.962Z,2020-05-31,https://thehub.io/jobs/5d5a7be31f58f7e91e8f1217
Denmark,Intern to join ski start-up on the brink of global success,competitive,www.ratoong.com,lovesnow@ratoong.com,,2016-05-17T17:46:30.860Z,2020-05-01,https://thehub.io/jobs/5d598f08e98c5a001841ee7c
Denmark,,,,,,2017-05-29T12:46:43.064Z,,https://thehub.io/jobs/5d5561948251818651e5067a
Denmark,Back-end developer Internship,unpaid,www.parkshare.dk,job@parkshare.dk,45 42 72 99 88 ,2019-04-09T20:40:43.914Z,2020-08-31,https://thehub.io/jobs/5d52d4b2ca10732802d10849
Denmark,Front-end Developer Internship,unpaid,www.parkshare.dk,job@parkshare.dk,45 42 72 99 88 ,2019-04-09T20:40:43.914Z,2020-08-31,https://thehub.io/jobs/5d52d29bca10732802d10846
Denmark,Frontend Developer Intern,unpaid,http:\u002F\u002F2030.builders,gn@2030.builders,,2018-01-31T11:29:57.568Z,2020-08-31,https://thehub.io/jobs/5d306c6066d98ba75fafc5dd
Denmark,Lead Full Stack Web Developer,competitive,https:\u002F\u002Fg13.app,,,2019-07-16T23:28:19.777Z,2020-05-31,https://thehub.io/jobs/5d2ed44066d98ba75fafc35f
Denmark,Intern React Native Developer,unpaid,https:\u002F\u002Fg13.app,,,2019-07-16T23:28:19.777Z,2020-08-31,https://thehub.io/jobs/5d2f0c8a66d98ba75fafc3da
Denmark,Intern Frontend Web Developer,unpaid,https:\u002F\u002Fg13.app,,,2019-07-16T23:28:19.777Z,2020-08-31,https://thehub.io/jobs/5d2f0bd366d98ba75fafc3d7
Denmark,Lead Frontend Web Developer,competitive,https:\u002F\u002Fg13.app,,,2019-07-16T23:28:19.777Z,2020-04-27,https://thehub.io/jobs/5d2f066366d98ba75fafc3c4
Denmark,Full Stack Web Developer,competitive,https:\u002F\u002Fg13.app,,,2019-07-16T23:28:19.777Z,2020-05-31,https://thehub.io/jobs/5d2f05d166d98ba75fafc3c3
Denmark,Web Developer,competitive,www.organicbasics.com,,,2018-01-24T18:05:34.686Z,2020-04-27,https://thehub.io/jobs/5d134fb125d78c3c2d8e4dec
Denmark,Data Solutions Engineer,competitive,https:\u002F\u002Fprokura.dk\u002F,recruiting@skarde.com,,2019-06-12T08:21:13.008Z,2020-09-17,https://thehub.io/jobs/5d00b81fed2f69a91b0de562
Denmark,Software Engineers,competitive,http:\u002F\u002Fpersequor.com\u002F,,,2019-04-01T08:51:05.313Z,2020-09-17,https://thehub.io/jobs/5cebbe2bb9598a2a7fe397fc
Denmark,SENIOR SOFTWARE DEVELOPER -  (Rails\u002FReact\u002FPair-Programming) **Not Remote** ** NO RECRUITERS **,range,http:\u002F\u002Fabtion.com,hm@abtion.com,+45 93 85 83 06,2016-04-12T12:49:23.579Z,2020-05-31,https://thehub.io/jobs/5cc9831e56a38bd179d725fb
Danmark,,,,,,2017-08-29T11:12:45.729Z,,https://thehub.io/jobs/5cbef3f1d900ad996d6a3724
Denmark,,,,,,2017-08-29T11:12:45.729Z,,https://thehub.io/jobs/5ca31d41d2d545f66d77cb3b
Denmark,Senior Backend Engineer,competitive,http:\u002F\u002Fwww.tonsser.com,,,2016-08-15T16:22:38.845Z,2020-09-17,https://thehub.io/jobs/5c8ffae0a30835d2252ff2dc
Denmark,Senior PHP Developer (Research and Development),competitive,cobiro.com,,,2016-10-17T12:05:22.428Z,2020-09-17,https://thehub.io/jobs/5c7fec0d41e3cff76a81e7e3
Denmark,Full Stack Web and Mobile App Developer,unpaid,http:\u002F\u002Fwww.lifebonder.com,jesper@7-7.dk,25850047,2019-02-12T13:36:52.917Z,2020-12-31,https://thehub.io/jobs/5c74edcd41e3cff76a81d8c4
Denmark,WeCode søger nyuddannede webudviklere\u002Fdatamatikere.,competitive,https:\u002F\u002Fwecode.dk,,,2017-07-21T13:39:23.736Z,2020-05-31,https://thehub.io/jobs/5c63edff67dea8d47a89d10d
Denmark,Android Developer,competitive,http:\u002F\u002Fbemyeyes.com,jobs@bemyeyes.com,,2016-08-31T09:29:02.533Z,2020-04-15,https://thehub.io/jobs/5c62bbba67dea8d47a89cf56
Denmark,iOS Developer,competitive,http:\u002F\u002Fbemyeyes.com,jobs@bemyeyes.com,,2016-08-31T09:29:02.533Z,2020-04-15,https://thehub.io/jobs/5c62bca367dea8d47a89cf5d
Denmark,Head of mobile dev. ,competitive,https:\u002F\u002Fwww.hedia.co\u002F,,,2017-05-28T08:44:23.571Z,2020-05-31,https://thehub.io/jobs/5c0e77b2fbb807b61cb0d281
Danmark,,,,,,2020-02-04T11:39:39.663Z,,https://thehub.io/jobs/5bf9a53919ac2d381dbb06c2
Denmark,Web developer internship in fast growing top tier digital agency,unpaid,https:\u002F\u002Fwww.html24.net,,,2017-11-06T08:45:20.819Z,2020-08-31,https://thehub.io/jobs/5c0530f28a29f4976a42450a
Denmark,Studiejob: Flæk apps som udvikler hos Institut for Jagt,competitive,http:\u002F\u002Fwww.institutforjagt.dk,alex@institutforjagt.dk,21909575,2018-08-30T11:17:25.094Z,2020-08-31,https://thehub.io/jobs/5bb47f5e51152b167c7cf62b
Danmark,,,,,,2017-08-29T11:12:45.729Z,,https://thehub.io/jobs/5abb9bc5dc5f06492decbc44
Danmark,,,,,,2017-08-29T11:12:45.729Z,,https://thehub.io/jobs/5abb9bc5dc5f06492decbc42
Denmark,Mobile developer - React native,competitive,https:\u002F\u002Fwww.hedia.co\u002F,,,2017-05-28T08:44:23.571Z,2020-05-31,https://thehub.io/jobs/5a8adbcf30ed35cf260bfc11
Denmark,Back-end developer internship in fast growing top tier digital agency,unpaid,https:\u002F\u002Fwww.html24.net,babis@html24.net,,2017-11-06T08:45:20.819Z,2020-08-31,https://thehub.io/jobs/5a041fb346171ab36196acca
Denmark,Graphic designer & Social Media Manager,unpaid,http:\u002F\u002Fchriis-soyais.dk\u002F,icecream@chriis.dk,28282212,2017-09-21T10:58:02.894Z,2020-08-31,https://thehub.io/jobs/59c8c32456578ac72969ad9c
Denmark,React\u002FTypescript\u002FGraphQL Front-end Engineer,competitive,https:\u002F\u002Ffamly.co,,,2016-06-29T11:58:49.607Z,2020-06-01,https://thehub.io/jobs/5947de57dfcf0ff27a91ffa5
Denmark,Graphic Designer Intern,unpaid,http:\u002F\u002Fsumondo.co,,,2016-01-25T13:52:26.903Z,2020-08-31,https://thehub.io/jobs/5767f96ff894b2a304588483
Denmark,"Let´s build af success, tech co-founders!",competitive,www.kommer.dk,,,2016-02-12T15:17:23.936Z,2020-05-31,https://thehub.io/jobs/56ce196cbe1e1dac0ade4765
Denmark,,,,,,2017-09-13T14:37:33.623Z,,https://thehub.io/jobs/5e70f822ab17a30da4a24155
Denmark,Fuldtid Front-end’er til tech start-up,competitive,http:\u002F\u002Fwww.klikbook.dk,kristian@klikbook.dk,60777761,2017-05-29T12:46:43.064Z,2020-04-20,https://thehub.io/jobs/5e6fff49ab17a30da473e6ef
Denmark,Frontend Developer in Scale-Up,unpaid,http:\u002F\u002Fwww.raskrask.dk\u002F,,,2016-02-15T13:41:04.068Z,2020-04-16,https://thehub.io/jobs/5e6e46b0ab17a30da4226167
Denmark,Backend Developer for Scale-Up,unpaid,http:\u002F\u002Fwww.raskrask.dk\u002F,,,2016-02-15T13:41:04.068Z,2020-04-14,https://thehub.io/jobs/5e6e46aaab17a30da4225f32
Denmark,,,,,,2019-12-20T07:23:24.748Z,,https://thehub.io/jobs/5e6bab0cab17a30da4c0024d
Denmark,Full Stack Web Developer,competitive,http:\u002F\u002Fwww.driversnote.com,jobs@driversnote.com,,2016-05-03T18:23:31.287Z,2020-05-31,https://thehub.io/jobs/5e6b9822ab17a30da4bbe439
Denmark,Node.js\u002FReact.js Frontend Developer,competitive,https:\u002F\u002Fwww.poshtel.io\u002F,,+4550227160,2017-09-13T14:37:33.623Z,2020-06-01,https://thehub.io/jobs/5e6b6f68ab17a30da4b3328e
Denmark,,,,,,2017-08-29T11:12:45.729Z,,https://thehub.io/jobs/5e6b2f5bceed5f06a5c8347c
Denmark,Lead developer \u002F Co-founder for start-up with proof of business,unpaid,http:\u002F\u002Ftravelit.dk,ch@travelit.dk,41 61 76 76,2020-02-04T11:39:39.301Z,2020-03-30,https://thehub.io/jobs/5e662981ceed5f06a5c0f1bc
Denmark,Lead developer \u002F Co-founder for start-up with proof of business,unpaid,http:\u002F\u002Ftravelit.dk,ch@travelit.dk,41 61 76 76,2020-02-04T11:39:39.301Z,2020-03-24,https://thehub.io/jobs/5e662972ceed5f06a5c0e943
Denmark,Lead developer \u002F Co-founder for start-up with proof of business,unpaid,http:\u002F\u002Ftravelit.dk,ch@travelit.dk,41 61 76 76,2020-02-04T11:39:39.301Z,2020-05-01,https://thehub.io/jobs/5e662928ceed5f06a5c0cc6d
Denmark,Backend Developer,competitive,http:\u002F\u002Fwww.capdesk.com,martin.damhus@capdesk.com,,2016-01-25T13:52:26.903Z,2020-05-31,https://thehub.io/jobs/5e6a5ec5ceed5f06a5a8247a
Denmark,,,,,,2016-06-17T12:16:27.240Z,,https://thehub.io/jobs/5e68a492ceed5f06a54b7839
Denmark,,,,,,2017-11-20T14:28:23.107Z,,https://thehub.io/jobs/5e68a40bceed5f06a54b1717
Denmark,Student backend PHP developer,competitive,https:\u002F\u002Faccutics.com\u002F,,,2018-04-14T13:27:03.600Z,2020-05-22,https://thehub.io/jobs/5e66344bceed5f06a5c4017c
Denmark,,,,,,2017-05-29T12:46:43.064Z,,https://thehub.io/jobs/5e66692eceed5f06a5d53d71
Denmark,Frontend udvikler (deltid),competitive,https:\u002F\u002Fwww.broffset.dk,kontakt@broffset.dk,42454265,2019-04-02T14:55:05.323Z,2020-04-27,https://thehub.io/jobs/5e666564ceed5f06a5d47d1d
Denmark,Unity Programmer\u002FDeveloper,competitive,https:\u002F\u002Fkhora-vr.com\u002F,tina@khoravr.com,,2018-04-03T14:26:45.757Z,2020-05-31,https://thehub.io/jobs/5e6797f0ceed5f06a518a8e7
Denmark,Looking for a full-stack IT developer to join the ReFlow Maritime team,competitive,http:\u002F\u002Fwww.re-flow.io,info@re-flow.io,,2018-12-12T16:24:56.626Z,2020-05-31,https://thehub.io/jobs/5e676f5dceed5f06a50b5eef
Denmark,,,,,,2017-08-29T11:12:45.729Z,,https://thehub.io/jobs/5e67af83ceed5f06a51fef21
Denmark,App developer and co-founder ,unpaid,http:\u002F\u002Fwww.femfoundrs.com,emma@femfoundrs.com,,2018-04-14T20:13:53.941Z,2020-12-31,https://thehub.io/jobs/5e627d4c8e63c058b2e20412
Denmark,PHP Developer,competitive,http:\u002F\u002Fwww.eesea.com,it@eesea.com,31164000,2016-08-04T12:14:48.568Z,2020-09-17,https://thehub.io/jobs/5e5e12c48e63c058b2daa8cc
Denmark,Javascript Developer,competitive,http:\u002F\u002Fante.dk,jobs@ante.dk,21 25 22 34,2017-09-27T09:08:58.387Z,2020-05-31,https://thehub.io/jobs/5e6218c88e63c058b2c55fc6
Denmark,,,,,,2020-02-07T20:28:51.817Z,,https://thehub.io/jobs/5e6210348e63c058b2c2ecab
Denmark,Android Developer (Kotlin),competitive,https:\u002F\u002Fmustache.dk\u002F,fl@mustache.dk,+4526794066,2016-06-17T12:16:27.240Z,2020-04-15,https://thehub.io/jobs/5e620a788e63c058b2c0fe56
Denmark,Intern to help developing our brand design and WordPress website,unpaid,http:\u002F\u002Fseekandseefamily.com,contact@seekandseefamily.com,51614822,2020-03-02T11:16:49.936Z,2020-08-31,https://thehub.io/jobs/5e60e5988e63c058b285a92d
Denmark,Developer \u002F Co-Founder for Start-up Project,unpaid,http:\u002F\u002Flingoowl.com,sune@lingoowl.com,,2019-09-30T14:27:51.039Z,2020-12-31,https://thehub.io/jobs/5e5eec7f8e63c058b21c319d
Danmark,,,,,,2017-08-29T11:12:45.729Z,,https://thehub.io/jobs/5e5ead198e63c058b20d6ece
Denmark,,,,,,2019-08-29T11:47:26.734Z,,https://thehub.io/jobs/5e5e64558e63c058b2f96451
Denmark,,,,,,2019-12-20T07:23:24.748Z,,https://thehub.io/jobs/5e5e30308e63c058b2e6c285
Denmark,Lead developer \u002F Co-founder for start-up with proof of business,unpaid,http:\u002F\u002Ftravelit.dk,ch@travelit.dk,41 61 76 76,2020-02-04T11:39:39.301Z,2020-12-31,https://thehub.io/jobs/5e5d51548e63c058b2b852be
Denmark,App Developer - React Native,competitive,http:\u002F\u002Fbluelobsterapp.com\u002Fabout\u002F,christine@bluelobster.app,,2019-04-05T12:04:29.398Z,2020-05-31,https://thehub.io/jobs/5e5cdf748e63c058b290665c
Denmark,Software Developer - Backend,competitive,http:\u002F\u002Fbluelobsterapp.com\u002Fabout\u002F,christine@bluelobster.app,,2019-04-05T12:04:29.398Z,2020-09-17,https://thehub.io/jobs/5e5cdf4c8e63c058b290588d
Denmark,Lead Backend Developer,competitive,www.organicbasics.com,jhf@organicbasics.com,,2018-01-24T18:05:34.686Z,2020-09-17,https://thehub.io/jobs/5e5d1b038e63c058b2a7f840
Denmark,,,,,,2020-02-19T13:35:08.299Z,,https://thehub.io/jobs/5e5d131c8e63c058b2a44b5f
Denmark,Senior React Native and\u002For React.js developer,competitive,https:\u002F\u002Fwww.sharecelebrate.com\u002F,joy@sharecelebrate.com,,2020-02-17T13:09:59.495Z,2020-04-27,https://thehub.io/jobs/5e5cc97a8e63c058b287a2a8
Denmark,,,,,,2019-12-20T07:23:24.748Z,,https://thehub.io/jobs/5e5955668e63c058b2f2f7d4
Denmark,,,,,,2017-08-29T11:12:45.729Z,,https://thehub.io/jobs/5e58ed0d8e63c058b2d8c95d
Denmark,Python Data engineer internship,unpaid,http:\u002F\u002Fpatentrenewal.com,,,2017-10-24T13:46:55.799Z,2020-08-31,https://thehub.io/jobs/5e5800348e63c058b2aafb68
Denmark,Python test engineer internship,unpaid,http:\u002F\u002Fpatentrenewal.com,,,2017-10-24T13:46:55.799Z,2020-08-31,https://thehub.io/jobs/5e57fd938e63c058b2aa7831
Denmark,Senior Software Engineer to join cutting edge AI startup,competitive,https:\u002F\u002Fwww.raffle.ai,ad@raffle.ai,,2019-01-03T15:15:34.035Z,2020-09-17,https://thehub.io/jobs/5e0f4eb9e5912a16559f7e58
Denmark,Co-founder needed for Impact PropTech startup,unpaid,https:\u002F\u002Fberesourceful.org\u002F,jeppe@beresourceful.org,42838752,2019-08-29T11:47:26.734Z,2020-12-31,https://thehub.io/jobs/5e57a02665b93055611b44a3
Denmark,Senior software developer - Fintech,competitive,http:\u002F\u002Forangebooks.co,klaudia@orangebooks.co,,2019-09-29T13:57:33.102Z,2020-09-17,https://thehub.io/jobs/5e568fd265b9305561e28138
Denmark,Chief Technical Officer (CTO),range,http:\u002F\u002Frensti.dk,oliver@rensti.dk,,2019-06-11T14:50:56.838Z,2020-05-31,https://thehub.io/jobs/5e55708865b93055619ce4c3
Denmark,Lead Android Developer,competitive,https:\u002F\u002Flystechnologies.co.uk\u002F,hugo@lystechnologies.io,004528102898,2020-01-09T16:35:00.678Z,2020-04-15,https://thehub.io/jobs/5e55586165b930556196d53d
Denmark,,,,,,2017-08-29T11:12:45.729Z,,https://thehub.io/jobs/5e54d679ca4ed1755d926c8b
Denmark,iOS Developer,competitive,http:\u002F\u002Fwww.livahealthcare.com\u002F,stj@livahealthcare.com,,2016-01-25T13:52:26.903Z,2020-04-15,https://thehub.io/jobs/5e53deb7ca4ed1755d6f1293
Denmark,Software Engineer - Backend,competitive,https:\u002F\u002Fgetplaymaker.app\u002F,neil@fantasysport.pro,,2020-02-17T13:00:41.660Z,2020-09-17,https://thehub.io/jobs/5e539909ca4ed1755d5e6436
Denmark,React Native Developer,competitive,https:\u002F\u002Fgetplaymaker.app\u002F,neil@fantasysport.pro,,2020-02-17T13:00:41.660Z,2020-04-27,https://thehub.io/jobs/5e5398e7ca4ed1755d5e5c16
Denmark,Junior Back-End Developer - Internship for Student Credit,unpaid,https:\u002F\u002Fklintmarketing.com,,,2019-10-21T06:40:11.662Z,2020-08-31,https://thehub.io/jobs/5e53924cca4ed1755d5c7b06
Denmark,Frontend Developer Internship (Wordpress)  - Student Credit Only,unpaid,https:\u002F\u002Fklintmarketing.com,,,2019-10-21T06:40:11.662Z,2020-08-31,https://thehub.io/jobs/5e538e2fca4ed1755d5b878b
Denmark,Angular Developer - Internship,unpaid,http:\u002F\u002Fjourneytool.io\u002F,,,2019-11-06T14:20:30.702Z,2020-04-27,https://thehub.io/jobs/5e51a4d1ca4ed1755d22b6dd
Denmark,,,,,,2017-08-29T11:12:45.729Z,,https://thehub.io/jobs/5e4eab51ca4ed1755dbf6f9d
Denmark,Backend Development Intern,unpaid,https:\u002F\u002Ffaundit.com\u002F,chl@faundit.com,+45 2077 0669,2019-11-29T10:58:17.847Z,2020-08-31,https://thehub.io/jobs/5e4e55f2ca4ed1755daa8c6e
Denmark,Software developer gesture based fitness tracker app,unpaid,https:\u002F\u002Fccathletics.dk,claes@ccathletics.dk,40369517,2020-02-07T20:28:51.421Z,2020-04-17,https://thehub.io/jobs/5e4d9a50ca4ed1755d925042
Denmark,,,,,,2016-02-15T13:41:04.068Z,,https://thehub.io/jobs/5e4d8a71ca4ed1755d8f5042
Denmark,Robotics automation udvikler,competitive,http:\u002F\u002Fwww.officebot.dk,jens@zignifikant.dk,29 90 35 74,2020-02-04T12:12:06.656Z,2020-09-17,https://thehub.io/jobs/5e4f9647ca4ed1755ddd381d
Denmark,,,,,,2017-08-29T11:12:45.729Z,,https://thehub.io/jobs/5e4d4239ca4ed1755d81090e
Denmark,,,,,,2017-08-29T11:12:45.729Z,,https://thehub.io/jobs/5e4d3986ca4ed1755d7ee2b5
Denmark,React Developer Intern,unpaid,https:\u002F\u002Fwww.kanpla.dk,kontakt@kanpla.dk,20212460,2019-11-19T13:52:28.565Z,2020-08-31,https://thehub.io/jobs/5e4abd53ca4ed1755d15e0e7
Denmark,Fullstack Developer,unpaid,http:\u002F\u002Fsportcompass.dk,contact@sportcompass.dk, +45 42 94 92 78,2018-02-03T15:09:35.464Z,2020-05-31,https://thehub.io/jobs/5e4bfc3aca4ed1755d4b54d8
Denmark,Backend Developer,unpaid,http:\u002F\u002Fsportcompass.dk,contact@sportcompass.dk, +45 42 94 92 78,2018-02-03T15:09:35.464Z,2020-09-17,https://thehub.io/jobs/5e4bfb4aca4ed1755d4b133d
Denmark,Frontend Web Developer,unpaid,http:\u002F\u002Fsportcompass.dk,contact@sportcompass.dk, +45 42 94 92 78,2018-02-03T15:09:35.464Z,2020-04-27,https://thehub.io/jobs/5e4bfa5eca4ed1755d4a9f6d
Denmark,Frontend Developer,unpaid,https:\u002F\u002Fgolisto.com,emilottar@golisto.com,20989958,2019-08-02T11:54:51.554Z,2020-06-01,https://thehub.io/jobs/5e4c031bca4ed1755d4ca417
Denmark,,,,,,2017-08-29T11:12:45.729Z,,https://thehub.io/jobs/5e4aa292ca4ed1755d0f7d92
Denmark,Developer Intership,unpaid,gamingbuddy.gg,lukas@gamingbuddy.gg,+4560889143,2018-06-11T14:28:49.290Z,2020-04-30,https://thehub.io/jobs/5e49caa4ca4ed1755dea1a46
Denmark,,,,,,2017-08-29T11:12:45.729Z,,https://thehub.io/jobs/5e4698c3ca4ed1755d7f8a71
Denmark,,,,,,2017-08-29T11:12:45.729Z,,https://thehub.io/jobs/5e454ecceb26470678ceb6fd
Denmark,React Native Developer (fun!),competitive,http:\u002F\u002Fwww.helloanna.ai,niels@anna.co,,2019-04-29T08:00:15.598Z,2020-05-31,https://thehub.io/jobs/5e417bebeb26470678343ae1
Denmark,WeCode søger en Magento 2 udvikler,competitive,https:\u002F\u002Fwecode.dk,,,2017-07-21T13:39:23.736Z,2020-05-31,https://thehub.io/jobs/5e441992eb26470678a066c5
Danmark,,,,,,2020-02-04T11:39:39.663Z,,https://thehub.io/jobs/5e42b1beeb2647067864dd71
Denmark,iOS developer Intern\u002Fstudent intern,unpaid,https:\u002F\u002Fpay-tack.com,weronika@paytack.se,71393342,2019-02-27T13:06:40.530Z,,https://thehub.io/jobs/5e42b0f9eb2647067864afd0
Denmark,,,,,,2020-02-04T11:39:39.663Z,,https://thehub.io/jobs/5e41dec8eb26470678466d8c
Danmark,Developer Intern,unpaid,https:\u002F\u002Ftheladybox.dk,chri@theladybox.dk,,2020-03-03T13:35:04.848Z,2020-04-09,https://thehub.io/jobs/5e413ac4eb2647067824fde6
Denmark,Frontend-Full Stack Developer,competitive,http:\u002F\u002Fwww.actimo.com,,,2016-08-17T14:43:42.072Z,2020-05-31,https://thehub.io/jobs/5dee56472be24708a27458cc
Denmark,,,,,,2017-05-29T12:46:43.064Z,,https://thehub.io/jobs/5e411fcaeb264706781da72f
Denmark,DevOps \u002F Backend Developer,competitive,https:\u002F\u002Fswibbid.com,hej@swibbid.com,31118881,2019-02-23T17:55:04.585Z,2020-05-22,https://thehub.io/jobs/5e3fecfeeb26470678f36f3c
Denmark,Android Developer,competitive,https:\u002F\u002Fswibbid.com,hej@swibbid.com,31118881,2019-02-23T17:55:04.585Z,2020-03-31,https://thehub.io/jobs/5e3fdd2beb26470678f15cfc
Denmark,Full-stack Developer at 'Netflix of images',competitive,https:\u002F\u002Fwww.jumpstory.com,ns@jumpstory.com,,2018-03-27T12:08:10.136Z,2020-05-31,https://thehub.io/jobs/5e3ef2c1b4448e51d5605358
Denmark,Full-stack developer - with CTO potential,competitive,https:\u002F\u002Fwww.timbed.com\u002F,kg@timbed.com,,2019-03-26T09:31:19.726Z,2020-05-01,https://thehub.io/jobs/5e407e6feb2647067809a180
Denmark,"iOS Developer (Europe, remote 🌍)",competitive,http:\u002F\u002Femplate.it\u002F,soren@emplate.it,+4550561337,2016-04-20T13:51:18.630Z,2020-04-15,https://thehub.io/jobs/5e3c046ab4448e51d5fb1f3d
Denmark,Elevplads: Datateknikerelev med speciale i programmering,competitive,http:\u002F\u002Fefiware.com,tr@efiware.com,71990303,2016-09-16T07:39:17.502Z,2020-04-30,https://thehub.io/jobs/5e3be160b4448e51d5f32193
Denmark,,,,,,2017-05-29T12:46:43.064Z,,https://thehub.io/jobs/5e3ad8d1b4448e51d5cffa2b
Denmark,,,,,,2017-08-29T11:12:45.729Z,,https://thehub.io/jobs/5e3a8455b4448e51d5bbfd45
Denmark,Open application for Technical Interns,unpaid,http:\u002F\u002Fwiredelta.com\u002F,,,2016-02-10T08:48:01.604Z,2020-04-30,https://thehub.io/jobs/5e381e9ab760f85f4950a8b3
Denmark,Laravel Developer ,competitive,https:\u002F\u002Fwww.consortiamanager.com\u002F,tg@consortiamanager.com,60601224,2016-10-03T11:52:56.669Z,2020-09-17,https://thehub.io/jobs/5e393746b4448e51d585de8f
Denmark,,,,,,2019-12-20T07:23:24.748Z,,https://thehub.io/jobs/5e39331cb4448e51d584bc6e
Denmark,,,,,,2019-12-20T07:23:24.748Z,,https://thehub.io/jobs/5e36efadb760f85f49232ea6
Denmark,Front-end developer to join successful digital agency,competitive,http:\u002F\u002Fkvalifik.dk,oliver@kvalifik.dk,+45 28728673,2019-12-02T16:28:57.556Z,2020-04-27,https://thehub.io/jobs/5e346425269ebc1d9ee4e213
Denmark,Studenter udvikler,competitive,http:\u002F\u002Fwww.hololink.io,lucas@hololink.io,24795099,2020-01-28T13:44:00.587Z,2020-06-01,https://thehub.io/jobs/5e303f07269ebc1d9e484d0e
Danmark,,,,,,2017-08-29T11:12:45.729Z,,https://thehub.io/jobs/5e314ea7269ebc1d9e6f2c87
Denmark,Student developer,competitive,https:\u002F\u002Fentropyfox.com,lucas@hololink.io,24795099,2019-10-16T12:27:39.654Z,2020-06-01,https://thehub.io/jobs/5e3034ae269ebc1d9e45f9d0
Denmark,Backend developer intern,unpaid,http:\u002F\u002Fwww.whyser.io,,,2019-02-11T19:13:04.737Z,2020-08-31,https://thehub.io/jobs/5e2ee4ca9b2bcf09092a2f2a
Denmark,,,,,,2019-12-20T07:23:24.748Z,,https://thehub.io/jobs/5e2b0f287f1515154fa376ae
Denmark,,,,,,2019-12-20T07:23:24.748Z,,https://thehub.io/jobs/5e2b0aca7f1515154fa2cf43
Denmark,,,,,,2019-12-20T07:23:24.748Z,,https://thehub.io/jobs/5e2a9cf87f1515154f8e7252
Denmark,Lead iOS Developer,competitive,https:\u002F\u002Flystechnologies.co.uk\u002F,hs@lystechnologies.co.uk,004528102898,2020-01-09T16:35:00.678Z,2020-04-15,https://thehub.io/jobs/5e1c8a0d2656b854f874a1fc
Denmark,WordPress Developer,competitive,http:\u002F\u002Farchitectmade.com,vag@architectmade.com,,2020-01-16T10:11:45.153Z,2020-06-30,https://thehub.io/jobs/5e203ae2c3151865ae0d4862
Denmark,Full Stack Engineer,competitive,http:\u002F\u002Fmindpool.com,christian@mindpool.com,+4527982575,2020-01-13T16:29:16.423Z,2020-05-31,https://thehub.io/jobs/5e1d77a52656b854f893e3a7
Denmark,Software developer,competitive,https:\u002F\u002Fservicepos.com,info@servicepos.com,33 60 85 86,2019-11-28T16:08:49.869Z,2020-05-31,https://thehub.io/jobs/5e1edfc0c3151865aedacc26
Denmark,Senior Mobile Developer,competitive,http:\u002F\u002Fwww.driversnote.com,ja@driversnote.com,40992636,2016-05-03T18:23:31.287Z,2020-04-15,https://thehub.io/jobs/5e1dd4acc3151865aeb98df2
Denmark,Open application for Developers,competitive,http:\u002F\u002Fwiredelta.com\u002F,,,2016-02-10T08:48:01.604Z,2020-05-31,https://thehub.io/jobs/5e147d31fada0f014d058e1a
Denmark,Senior Full-stack Udvikler,competitive,https:\u002F\u002Fpnorental.com\u002Fventures\u002F,,,2019-02-18T09:36:00.962Z,2020-05-31,https://thehub.io/jobs/5e146deafada0f014d017579
Denmark,Python developer,competitive,http:\u002F\u002Fpatentrenewal.com,,,2017-10-24T13:46:55.799Z,2020-09-17,https://thehub.io/jobs/5e133d2be5912a16551a384c
Denmark,Senior Frontend developer,competitive,http:\u002F\u002Fwww.convecto.dk,job@connectedcars.dk,,2019-09-30T16:45:46.060Z,2020-06-01,https://thehub.io/jobs/5e1082d5e5912a1655c1ea08
Denmark,Skilled RoR backend developer to join sustainable mobility startup,competitive,http:\u002F\u002Fwww.donkey.bike,jens@donkeyrepublic.com,30703814,2016-06-04T22:12:17.303Z,2020-09-17,https://thehub.io/jobs/5e0def03e5912a1655715743
Denmark,Backend Developer for Sportstech Concept,competitive,http:\u002F\u002Fwww.JABII.com,giang@jabii.com,29928432,2018-01-25T13:41:11.031Z,2020-09-17,https://thehub.io/jobs/5e0763f7e5912a1655c78c04
Denmark,Developer Intern,unpaid,https:\u002F\u002Ftheladybox.dk,chri@theladybox.dk,,2020-03-03T13:35:04.848Z,2020-04-09,https://thehub.io/jobs/5e0d0dd1e5912a1655571250
Denmark,PHP Laravel developer for established startup in Copenhagen,competitive,subit.dk,ebsp@subit.dk,26123699,2018-07-15T17:41:42.807Z,2020-09-17,https://thehub.io/jobs/5e09354ae5912a1655f7eadc
Denmark,Backend Developer (Ruby \u002F Rails),competitive,http:\u002F\u002Fwww.commoditrader.com,robin@commoditrader.com,,2018-09-14T12:06:01.635Z,2020-09-17,https://thehub.io/jobs/5df9dc91f208e622ef8aba39
Denmark,Senior Ruby on Rails Engineer,competitive,https:\u002F\u002Fwww.conferize.com,rf@conferize.com,,2016-01-25T13:52:26.903Z,2020-09-17,https://thehub.io/jobs/5df8f3f0f208e622ef6fbf5f
Denmark,Frontend Developer,competitive,www.penni.io,,,2017-12-12T19:45:58.273Z,2020-04-27,https://thehub.io/jobs/5df8e58af208e622ef6cf189
Denmark,Senior Full-stack Developer ,competitive,https:\u002F\u002Fzuuvi.com\u002F,aa@zuuvi.com,41421087,2019-11-06T08:31:26.064Z,2020-05-31,https://thehub.io/jobs/5df8785df208e622ef551f23
Denmark,Frontend Developer,competitive,https:\u002F\u002Fwww.newbanking.com\u002F,,,2019-12-10T10:27:44.678Z,2020-04-27,https://thehub.io/jobs/5def745b7b3f7202d6f869d5
Denmark,Senior Frontend Developer,competitive,https:\u002F\u002Fmonsido.com,jha@monsido.com,27296610,2019-01-09T14:03:06.935Z,2020-04-27,https://thehub.io/jobs/5def75da7b3f7202d6f8c6c5
Denmark,Senior Full Stack Developer,competitive,https:\u002F\u002Fwww.tmrow.com,jobs@tmrow.com,,2018-07-29T07:17:53.104Z,2020-05-31,https://thehub.io/jobs/5dee1d952be24708a26d8486
Denmark,Development intern for successful and growing hospitality platform,unpaid,http:\u002F\u002Fwww.digitalguest.com,konrad@digitalguest.com,+4560534616,2017-05-19T08:33:03.777Z,2020-08-31,https://thehub.io/jobs/5de62a7faccfdc70a8573320
Denmark,Full-stack PHP developer  (WordPress),competitive,https:\u002F\u002Fwww.html24.net,mist@html24.net,,2017-11-06T08:45:20.819Z,2020-05-31,https://thehub.io/jobs/5de5095daccfdc70a83f5afd
Denmark,,,,,,2019-10-28T18:01:01.800Z,,https://thehub.io/jobs/5de4cc3aaccfdc70a834dbb8
Denmark,QA Development engineer - Student worker,competitive,http:\u002F\u002Flenus.io,mathias@lenus.io,,2017-03-16T13:04:16.622Z,2020-05-01,https://thehub.io/jobs/5ddeb019accfdc70a8cce79f
Denmark,,,,,,2016-02-15T13:41:04.068Z,,https://thehub.io/jobs/5ddda7f8accfdc70a8b19e09
Denmark,Dev Internship,unpaid,https:\u002F\u002Fwww.pinploy.dk\u002F,saxo.pinploy@gmail.com,22801348,2019-02-25T11:30:00.399Z,2020-04-30,https://thehub.io/jobs/5dd6a51daccfdc70a81bf6a6
Denmark,Mobile Developer Intern,unpaid,http:\u002F\u002Fwww.helloanna.ai,niels@anna.co,,2019-04-29T08:00:15.598Z,2020-04-30,https://thehub.io/jobs/5dd65ba3accfdc70a80f978b
Denmark,Frontend+backend developer (ReactJS only!) to impact startup (URGENT),competitive,https:\u002F\u002Fecoda.life,info@ecoda.life,42667836,2019-02-18T00:17:29.491Z,2020-08-31,https://thehub.io/jobs/5dd2c0cbaccfdc70a8bb98c4
Denmark,CTO,competitive,https:\u002F\u002Fg13.app,daniel@g13.app,,2019-07-16T23:28:19.777Z,2020-05-31,https://thehub.io/jobs/5dc9d8f1af59f108f505261e
Denmark,Software Engineer,competitive,https:\u002F\u002Feloomi.com,susie@eloomi.com,+45 9320 5019,2017-02-02T10:39:09.889Z,2020-09-17,https://thehub.io/jobs/5da793bc8e4e7b25514f1a0f
Denmark,Fullstack Developer (Copenhagen),competitive,https:\u002F\u002Fissuu.com,mbj@issuu.com,,2017-06-12T10:09:14.374Z,2020-05-31,https://thehub.io/jobs/5da46587000d5070153c8fb4
Denmark,Android developer intern\u002Fstudent intern,competitive,https:\u002F\u002Fpay-tack.com,,,2019-02-27T13:06:40.530Z,2020-04-17,https://thehub.io/jobs/5d9ee5b7e03e98244f279c21
Denmark,Cloud SaaS\u002FSoftware engineer,competitive,http:\u002F\u002Fwww.upodi.com,,,2017-02-18T08:27:42.244Z,2020-05-31,https://thehub.io/jobs/5d8c8477a7c7c305e5e9fd19
Denmark,Frontend  Development Intern in growing drone startup,unpaid,https:\u002F\u002Fdronaar.com\u002F,info@dronaar.com,+45 52 15 97 22,2019-03-06T09:11:55.030Z,2020-08-31,https://thehub.io/jobs/5d8a60b72af2100fac68f0a9
Denmark,Lead developer for scalable video startup with global ambitions,competitive,http:\u002F\u002Fwww.klipworks.com,,,2017-07-04T14:32:39.857Z,2020-05-31,https://thehub.io/jobs/5d87767a96f4435395e619dd
Denmark,Senior Ruby on Rails Developer,competitive,https:\u002F\u002Fwww.autouncle.com\u002F,troels@autouncle.com,,2016-04-28T14:30:32.743Z,2020-09-17,https://thehub.io/jobs/5d80d643db9d4113a21a2e88
Denmark,Front End Developer (React),competitive,https:\u002F\u002Fwww.autouncle.com\u002F,troels@autouncle.com,,2016-04-28T14:30:32.743Z,2020-04-27,https://thehub.io/jobs/5d80d4c9db9d4113a21a0d95
Denmark,CTO & Cofunder,unpaid,https:\u002F\u002Fcollageofficial.com,,,2016-11-14T17:51:07.543Z,2020-04-20,https://thehub.io/jobs/5d28a92626c829d67fba110b
Denmark,Node.js Backend Developer Intern ,unpaid,https:\u002F\u002Fcollageofficial.com,,,2016-11-14T17:51:07.543Z,2020-08-31,https://thehub.io/jobs/5c6296ca67dea8d47a89cf09
Danmark,,,,,,2019-12-20T07:23:24.748Z,,https://thehub.io/jobs/5d7789193abb553116fcaf44
Denmark,Fuldtid Front-end’er til tech start-up,competitive,http:\u002F\u002Fwww.klikbook.dk,kristian@klikbook.dk,60777761,2017-05-29T12:46:43.064Z,2020-04-20,https://thehub.io/jobs/5e6fff49ab17a30da473e6ef
Denmark,Frontend Developer in Scale-Up,unpaid,http:\u002F\u002Fwww.raskrask.dk\u002F,,,2016-02-15T13:41:04.068Z,2020-04-16,https://thehub.io/jobs/5e6e46b0ab17a30da4226167
Denmark,Backend Developer for Scale-Up,unpaid,http:\u002F\u002Fwww.raskrask.dk\u002F,,,2016-02-15T13:41:04.068Z,2020-04-14,https://thehub.io/jobs/5e6e46aaab17a30da4225f32
Denmark,,,,,,2019-12-20T07:23:24.748Z,,https://thehub.io/jobs/5e6bab0cab17a30da4c0024d
Denmark,Full Stack Web Developer,competitive,http:\u002F\u002Fwww.driversnote.com,jobs@driversnote.com,,2016-05-03T18:23:31.287Z,2020-05-31,https://thehub.io/jobs/5e6b9822ab17a30da4bbe439
Denmark,Node.js\u002FReact.js Frontend Developer,competitive,https:\u002F\u002Fwww.poshtel.io\u002F,,+4550227160,2017-09-13T14:37:33.623Z,2020-06-01,https://thehub.io/jobs/5e6b6f68ab17a30da4b3328e
Denmark,,,,,,2017-08-29T11:12:45.729Z,,https://thehub.io/jobs/5e6b2f5bceed5f06a5c8347c
Denmark,Lead developer \u002F Co-founder for start-up with proof of business,unpaid,http:\u002F\u002Ftravelit.dk,ch@travelit.dk,41 61 76 76,2020-02-04T11:39:39.301Z,2020-03-30,https://thehub.io/jobs/5e662981ceed5f06a5c0f1bc
Denmark,Lead developer \u002F Co-founder for start-up with proof of business,unpaid,http:\u002F\u002Ftravelit.dk,ch@travelit.dk,41 61 76 76,2020-02-04T11:39:39.301Z,2020-03-24,https://thehub.io/jobs/5e662972ceed5f06a5c0e943
Denmark,Lead developer \u002F Co-founder for start-up with proof of business,unpaid,http:\u002F\u002Ftravelit.dk,ch@travelit.dk,41 61 76 76,2020-02-04T11:39:39.301Z,2020-05-01,https://thehub.io/jobs/5e662928ceed5f06a5c0cc6d
Denmark,Backend Developer,competitive,http:\u002F\u002Fwww.capdesk.com,martin.damhus@capdesk.com,,2016-01-25T13:52:26.903Z,2020-05-31,https://thehub.io/jobs/5e6a5ec5ceed5f06a5a8247a
Denmark,,,,,,2016-06-17T12:16:27.240Z,,https://thehub.io/jobs/5e68a492ceed5f06a54b7839
Denmark,,,,,,2017-11-20T14:28:23.107Z,,https://thehub.io/jobs/5e68a40bceed5f06a54b1717
Denmark,Student backend PHP developer,competitive,https:\u002F\u002Faccutics.com\u002F,,,2018-04-14T13:27:03.600Z,2020-05-22,https://thehub.io/jobs/5e66344bceed5f06a5c4017c
Denmark,,,,,,2017-05-29T12:46:43.064Z,,https://thehub.io/jobs/5e66692eceed5f06a5d53d71
Denmark,Frontend udvikler (deltid),competitive,https:\u002F\u002Fwww.broffset.dk,kontakt@broffset.dk,42454265,2019-04-02T14:55:05.323Z,2020-04-27,https://thehub.io/jobs/5e666564ceed5f06a5d47d1d
Denmark,Unity Programmer\u002FDeveloper,competitive,https:\u002F\u002Fkhora-vr.com\u002F,tina@khoravr.com,,2018-04-03T14:26:45.757Z,2020-05-31,https://thehub.io/jobs/5e6797f0ceed5f06a518a8e7
Denmark,Looking for a full-stack IT developer to join the ReFlow Maritime team,competitive,http:\u002F\u002Fwww.re-flow.io,info@re-flow.io,,2018-12-12T16:24:56.626Z,2020-05-31,https://thehub.io/jobs/5e676f5dceed5f06a50b5eef
Denmark,,,,,,2017-08-29T11:12:45.729Z,,https://thehub.io/jobs/5e67af83ceed5f06a51fef21
Denmark,App developer and co-founder ,unpaid,http:\u002F\u002Fwww.femfoundrs.com,emma@femfoundrs.com,,2018-04-14T20:13:53.941Z,2020-12-31,https://thehub.io/jobs/5e627d4c8e63c058b2e20412
Denmark,PHP Developer,competitive,http:\u002F\u002Fwww.eesea.com,it@eesea.com,31164000,2016-08-04T12:14:48.568Z,2020-09-17,https://thehub.io/jobs/5e5e12c48e63c058b2daa8cc
Denmark,Javascript Developer,competitive,http:\u002F\u002Fante.dk,jobs@ante.dk,21 25 22 34,2017-09-27T09:08:58.387Z,2020-05-31,https://thehub.io/jobs/5e6218c88e63c058b2c55fc6
Denmark,,,,,,2020-02-07T20:28:51.817Z,,https://thehub.io/jobs/5e6210348e63c058b2c2ecab
Denmark,Android Developer (Kotlin),competitive,https:\u002F\u002Fmustache.dk\u002F,fl@mustache.dk,+4526794066,2016-06-17T12:16:27.240Z,2020-04-15,https://thehub.io/jobs/5e620a788e63c058b2c0fe56
Denmark,Intern to help developing our brand design and WordPress website,unpaid,http:\u002F\u002Fseekandseefamily.com,contact@seekandseefamily.com,51614822,2020-03-02T11:16:49.936Z,2020-08-31,https://thehub.io/jobs/5e60e5988e63c058b285a92d
Denmark,Developer \u002F Co-Founder for Start-up Project,unpaid,http:\u002F\u002Flingoowl.com,sune@lingoowl.com,,2019-09-30T14:27:51.039Z,2020-12-31,https://thehub.io/jobs/5e5eec7f8e63c058b21c319d
Danmark,,,,,,2017-08-29T11:12:45.729Z,,https://thehub.io/jobs/5e5ead198e63c058b20d6ece
Denmark,,,,,,2019-08-29T11:47:26.734Z,,https://thehub.io/jobs/5e5e64558e63c058b2f96451
Denmark,,,,,,2019-12-20T07:23:24.748Z,,https://thehub.io/jobs/5e5e30308e63c058b2e6c285
Denmark,Lead developer \u002F Co-founder for start-up with proof of business,unpaid,http:\u002F\u002Ftravelit.dk,ch@travelit.dk,41 61 76 76,2020-02-04T11:39:39.301Z,2020-12-31,https://thehub.io/jobs/5e5d51548e63c058b2b852be
